,Título,Fonte,"Material (livro, artigo, video)",Link,Tema,Palavras chave,Descrição
1,Proposta de Emenda à Constituição n. 51,Senado Federal,,http://www.senado.leg.br/atividade/rotinas/materia/getPDF.asp?t=137134&tp=1,PEC 51,,Íntegra do texto da PEC 51.
2,A transição de uma polícia de controle para uma polícia cidadã,"Jorge Luiz Paz Bengochea, Luiz Brenner Guimarães, Martin Luiz Gomes, Sergio Roberto de Abreu",Artigo,http://www.scielo.br/pdf/spp/v18n1/22234.pdf,Autonomia Federativa;Padronização da Formação Policial;Controle da Atividade Policial;Ampliação das responsabilidades da União,Formação profissional; Modernização ,Artigo discute as possibilidades de uma polícia diferente em uma sociedade democrática. A concretização dessas possibilidades passa por alguns eixos: mudanças nas políticas de qualificação profissional; programa de modernização; e processos de mudanças estruturais e culturais que discutam questões centrais para a polícia.
3,Cabo Júlio fala sobre carreira única,TV ALMG,Vídeo,https://www.youtube.com/watch?v=Kh3Um-Jo3i4,Carreira Única,PEC 46,Vídeo com discussão sobre Carreira Única
4,Carreira não tão única no FBI e outras falácias,Associação Nacional de Delegados de Polícia de PF,Artigo,http://www.adpf.org.br/adpf/admin/painelcontrole/materia/materia_portal.wsp?tmp.edt.materia_codigo=7546&tit=Carreira-nao-tao-%DAnica-no-FBI-e-Outras-Falacias#.VhPGgvlViko,Carreira Única,Carreira Única,Um outro olhar sobre a proposta de Carreira Ùnica.
5,Não queremos ser Oficiais,Sgto Pires da Rocha,Artigo,http://blitzdigital.com.br/index.php/artigos/539-artigo-de-um-sargento-policial-militar-nao-queremos-ser-oficiais,Carreira Única,Carreira Única,Discussão a respeito de carreira única no âmbito da Polícia Militar.
6,PGR nega carreira única nas PMs e ingressa com ação contra a promoção de praças ao oficialato,Flit paralisante,Matéria,https://flitparalisante.wordpress.com/2015/04/22/procurador-geral-da-republica-nega-carreira-unica-nas-policias-militares-e-ingressa-com-acao-contra-a-promocao-de-pracas-ao-oficialato/,Carreira Única,Carreira Única,Reportagem repercutindo ação da Procuradoria Geral da República contra a possibilidade de promoção de praças ao oficialato.
7,Especialista em segurança que fim do cargo de delegado,o Dia,Artigo,http://odia.ig.com.br/noticia/brasil/2015-07-29/especialista-em-seguranca-quer-fim-do-cargo-de-delegado.html,Carreira Única,Delegado,Reportagem em que sociólogo Michel Misse propõe o fim do cargo de delegado.
8,Estao tentando impor a luta de classes dentro da PM,Olavo Freitas Mendonça,Artigo,http://blitzdigital.com.br/index.php/artigos/540-estao-tentando-impor-a-luta-de-classes-dentro-da-pm,Carreira Única,Carreira Única,Artigo critica a Carreira Única apontando que a Polícia Militar deseja continuar como está.
9,Incompatibilidade jurídica da implantação da denominada “carreira única”,Federação Nacional de Entidades de Oficiais Militares Estaduais,Nota Técnica,http://www.aprapr.org.br/2015/04/15/feneme-incompatibilidade-juridica-da-implantacao-da-denominada-carreira-unica/,Carreira Única,Carreira Única,Nota técnica aponta a incompatibilidade jurídica da implantação da denominada “Carreira Única”.
10,"Defensoria Pública do PE defende delegados de polícia, rejeitando possibilidade da PM lavrar TCO",delegados.com.br,Matéria,http://delegados.com.br/juridico/defensoria-publica-do-pe-defende-delegados-de-policia-rejeitando-possibilidade-da-pm-lavrar-tco,Ciclo Completo,Ciclo Completo,Outro olhar sobre a proposta do Ciclo Completo.
11,Deputado Soldado Tercio discursa contra o ciclo completo de polícia,Flit Paralisante,Vídeo,https://flitparalisante.wordpress.com/2015/09/30/deputado-soldado-tercio-discursa-contra-o-ciclo-completo-da-pm/,Ciclo Completo,Ciclo Completo,Deputado discursa contrário a proposta do Ciclo Completo.
12,O Ciclo completo de polícia e sua incompatibilidade com o Estado Democrático de Direito,Delegado Carlos Eduardo de Souza,Artigo,http://jus.com.br/artigos/13601/o-ciclo-completo-de-policia-e-a-sua-incompatibilidade-com-o-estado-democratico-de-direito,Ciclo Completo,Ciclo Completo,Texto contrário ao estabelecimento do ciclo policial completo no Brasil.
13,O sistema policial brasileiro e o fim da lâmpada incandescente,Marcello Martinez Hipólito,Artigo,http://abordagempolicial.com/2015/07/o-sistema-policial-brasileiro-e-o-fim-da-lampada-incandescente/,Ciclo Completo,Eficiência; Inquérito policial,"Discussão sobre os baixos níveis de elucidação de crimes no país, em defesa do ciclo completo."
14,Razões contra o Ciclo Completo da PM – Por um modelo de polícia unificada e desmilitarizada,Fórum Nacional das Entidades de Delegados,Artigo,http://www.adepoldf.org.br/index.php?option=com_content&view=article&id=2077:razoes-contra-o-ciclo-completo-da-policia-militar-por-um-modelo-de-policia-unificada-e-desmilitarizada&catid=145:noticias&Itemid=107,Ciclo Completo,Ciclo Completo,"Texto crítico às PECs que tramitam em favor da implementação do ciclo completo. Segundo o artigo, não se pode falar em ciclo completo sem que haja desmilitarização."
15,"Segurança Pública, ainda uma questão estrutural",Ronaldo Marzagão,entrevista,"http://opiniao.estadao.com.br/noticias/geral,seguranca-publica-ainda-uma-questao-estrutural-imp-,1086262",Ciclo Completo,Guardas Municipais; Ministério Público,Ex-secretário de segurança de São Paulo reflete sobre o quadro institucional da segurança pública no país e crítica divisão no ciclo policial.
16,Todos contra o Ciclo,Site Todos Contra o Ciclo,Site,http://todoscontraociclo.com.br/entenda-o-ciclo/,Ciclo Completo,Ciclo Completo,"Site contra a PEC 431, que estabelece o ciclo completo para as polícias estaduais."
17,Ex-policial Estadual brasileiro se decepciona e resolve ser Policial Municipal no Canadá,Youtube,Vídeo,https://www.youtube.com/watch?v=IT9OYtgEBHk,Ciclo Completo;Carreira Única,Relato pessoal,Vídeo conta a trajetória do policial estadual brasileiro que decide ser Guarda Municipal no Canadá.
18,O Ciclo completo é possível sem a unificação?,Danillo Ferreira,Artigo,http://abordagempolicial.com/2014/05/o-ciclo-completo-e-possivel-sem-a-unificacao/,Ciclo Completo;Descentralização Federativa,"Reforma policial, unificação",Texto diferenciando ciclo policial completo e unificação das polícias.
19,Considerações sobre a transformação do sistema de segurança pública brasileiro proposto pela PEC 51 e o novo papel do município,Luiz Carlos Magalhães,Artigo,http://jus.com.br/artigos/27980/consideracoes-sobre-a-transformacao-do-sistema-de-seguranca-publica-brasileiro-proposto-pela-pec-51-e-o-novo-papel-do-municipio,Ciclo completo;Descentralização Federativa;Padronização da Formação Policial,Unificação das polícias,"Artigo apresenta um breve histórico motivacional de algumas propostas e mudanças no sistema de segurança pública do país que já surgiram no ordenamento jurídico nacional, o modelo atual e sua ineficácia, algumas percepções de eficiência de modelos consolidados em outros países, as mudanças da PEC 51 e seus aspectos legais, propostas debatidas anteriormente sobre o Sistema brasileiro, uma reflexão rápida sobre o papel do município na nova ordem jurídica. 
"
20,A quem interessa a desmilitarização das policias?,Luiz Fernando Ramos Aguiar,Artigo,http://blitzdigital.com.br/index.php/artigos/484-a-quem-interessa-a-desmilitarizacao-da-pm,Ciclo completo;Desmilitarização,Desmilitarização,Ponto de vista crítico sobre a desmilitarização.
21,As corregedorias dos órgãos de segurança pública no Brasil,Ignacio Cano e Thais Duarte,Artigo,http://www.forumseguranca.org.br/storage/download//rbsp_ed15_final_bx_abril15.2_.pdf,Controle da atividade policial,Ouvidoria; Corregedoria; Polícias,Levantamento sobre as Ouvidorias e Corregedorias das polícias brasileiras.
22,Guia de Referências para Ouvidorias de Polícia,Secretaria Especial dos Direitos Humanos. Brasil,relatório,http://www.ucamcesec.com.br/wordpress/wp-content/uploads/2011/06/guia_sedh_referencia_ouvidorias.pdf,Controle da Atividade Policial,Comparação Internacional; sugestões,"Relatório de pesquisa comparada internacional sobre Ouvidorias de polícia, coordenada pelo Ministério da Justiça."
23,O que sugeri ao MP da Bahia,Luiz Eduardo Soares,artigo, http://www.luizeduardosoares.com/?p=127,Controle da Atividade Policial,Ministério Público,Artigo sobre o controle externo da atividade policial.
24,Panorama das ouvidorias estaduais de segurança pública e defesa social,"Leonarda Musumeci, Julita Lemgruber e Ludmila Ribeiro",artigo,http://www.ucamcesec.com.br/wordpress/wp-content/uploads/2014/09/391-921-1-SM.pdf,Controle da Atividade Policial,Ouvidorias,Artigo sobre ouvidorias e controle externo.
25,Guia para a Prevenção do Crime e da Violência,SENASP,Guia,http://portal.mj.gov.br/data/Pages/MJ3F6F0588ITEMID576243E3FB8448E88D550DB118AB37F3PTBRNN.htm,Descentralização Federativa,Gestor Municipal; fatores de risco; grupos minoritários,Guia para prevenção da violência como política de segurança municipal.
26,O Papel dos Municípios na Política de Segurança,Jacqueline Muniz,artigo,https://docs.google.com/document/d/1VanufpgbmVTnIEWEGvVz6DKpyCsrlecpxqUG8dpHeqQ/edit,Descentralização Federativa,Divisão de competências; ,Artigo sobre segurança e município.
27,Reinventando a Polícia: a implementação de um programa de policiamento comunitário,Claudio Beato,Artigo,http://www.rolim.com.br/2002/_pdfs/seg_reinventando.pdf,Descentralização Federativa,Policiamento Comunitário; Conselho de Segurança Pública,Avaliação do programa de policialmento comunitário implementado em Belo Horizonte em 2000.
28,"Segurança Pública no Brasil, hoje: muitos sertões, poucas veredas",Luiz  Eduardo Soares,artigo,http://www.luizeduardosoares.com/?p=139,Descentralização Federativa;Padronização da formação policial;Ampliação das Responsabilidades ds União,"SUSP; experiências bem sucedidas, SP, MG","Artigo sobre a questão federativa e outros problemas da arquitetura institucional da segurança pública, cuja solução requer a mudança do artigo 144 da Constituição."
29,A desmilitarização da Polícia – Entrevista com Luiz Eduardo Soares,Luiz Eduardo Soares,Vídeo,http://www.luizeduardosoares.com/?portfolio=a-desmilitarizacao-da-policia-entrevista-com-luiz-eduardo-soares,Desmilitarização,Constituinte; Estrutura Organizacional; Ditadura; Pronto emprego,Entrevista em video sobre desmilitarização
30,Além do bem e do mal na cidade sitiada,Luiz Eduardo Soares,artigo,http://www.luizeduardosoares.com/?p=594,Desmilitarização,Tráfico de drogas; Mutirão pela Paz; GPAE; UPP,"Artigo cuja tese é a seguinte: sem refundação das polícias, não há futuro digno para as UPPs: "
31,Cartilha pela Desmilitarização da Polícia e da Política,Fundo Brasil de DDHH,Cartilha,https://desmilitarizar.files.wordpress.com/2015/09/cartilha-desmilitarizacao-versc3a3o-03.pdf,Desmilitarização,Desmilitarização,Cartilha ilustrada sobre a desmilitarização
32,Desmilitarização e Unificação da Polícia(PEC 102),Prof. Túlio Vianna(UFMG),Vídeo,https://www.youtube.com/watch?v=Rh48PjJnpZs,Desmilitarização,PEC 102/2011,"Túlio Vianna, professor de direito penal da Universidade Federal de Minas Gerais (UFMG), fala sobre os problemas atuais do modelo de polícia militar no Brasil e o que temos a ganhar com a desmilitarização.
"
33,Desmilitarizar é virar mangue?,Danillo Ferreira,Artigo,http://abordagempolicial.com/2013/03/desmilitarizar-e-virar-mangue/,Desmilitarização,Disciplina,Reportagem que alerta sobre a necessidade da definição do conceito de desmilitarização. 
34,Desmistificando a Desmilitarização,Marlon Jorge Teza,Artigo,http://www.ameriodejaneiro.com.br/PDF/desmilitarizacao.pdf,Desmilitarização,Desmilitarização,Presidente da Federação de Entidades de Oficiais Militares Estaduais critica a proposta de desmilitarização
35,Diretrizes Nacionais de Promoção e Defesa dos Direitos Humanos dos Profissionais de Segurança Pública,Secretaria Especial dos Direitos Humanos. Brasil,Diretrizes,http://www.rolim.com.br/2011/Diretrizes_Nacionais_de_Promocao_e_Defesa_dos_Direitos_Humanos_dos_Profissionais_de_Seguranca_Publica.pdf,Desmilitarização,Direitos Humanos,"Estabelece as Diretrizes Nacionais de Promoção e Defesa dos Direitos Humanos dos
Profissionais de Segurança Pública."
36,É preciso desmilitarizar a Polícia? Não,Alvaro Batista Camilo,Artigo,http://www1.folha.uol.com.br/opiniao/2013/12/1390875-e-preciso-desmilitarizar-a-policia-militar-nao.shtml,Desmilitarização,Desmilitarização,Cdte PM/SP (09-12) Vereador SP (PSD) apresenta ponto de vista contrário a desmilitarização.
37,Enquete sobre desmilitarização da polícia expõe divisão e amplia discussão de mudança no Senado,"Thiago de Araújo
",Artigo,http://www.brasilpost.com.br/2014/05/13/desmilitarizacao-senado_n_5318929.html,Desmilitarização,Unificação das polícias,Reportagem com resultados da enquete sobre a proposta de emenda à Constituição 51/2013
38,Militarismo: a última ratio administrativa,Marcelo Lopes,Artigo,http://abordagempolicial.com/2009/06/militarismo-a-ultima-ratio-administrativa/,Desmilitarização,Modelo Administrativo; ,Discussão sobre militarismo e sua adequação aos objetivos das forças policiais
39,O Mito da Desmilitarização das PMs,Roger Franchini,Artigo,http://www.vice.com/pt_br/read/o-mito-da-desmilitarizacao-das-pms,Desmilitarização,Desmilitarização,Um outro olhar sobre a desmilitarização. O autor questiona as mudanças efetivas que decorreriam da desmilitarização.
40,O que é que a PM bahiana (não) tem?,Luiz Eduardo Soares,artigo,http://www.luizeduardosoares.com/?p=829,Desmilitarização,Greve; Polícia Militar; sindicalização,"Artigo sobre greves da PM e a importância da liberdade de organização e manifestação, o que é incompatível com a natureza militar da instituição"
41,"Para analista, desmilitarização não resolve problemas da polícia",Luis Kawaguti,Entrevista,http://www.bbc.com/portuguese/noticias/2014/09/140916_salasocial_eleicoes2014_jose_vicente_lk,Desmilitarização,Desmilitarização,Entrevista com Cel. PM / SP Jose Vicente da Silva Filho
42,PEC 51 gera debate entre Comandante Geral e Antropólogo,Danillo Ferreira,Artigo,http://abordagempolicial.com/2014/05/pec-51-gera-debate-entre-comandante-geral-e-antropologo-2/,Desmilitarização,Coronel PM Marcio Martins Sant'Ana (MG),Duas posições opostas a respeito da PEC 51.Contém mensagem encaminhada por comandante da PM para circulação interna à instituição e resposta em carta aberta de Luiz Eduardo Soares
43,Por que tem sido tão difícil mudar as polícias?,Luiz Eduardo Soares,artigo,http://www.luizeduardosoares.com/?p=1291,Desmilitarização,"Estrutura Organizacional; polícia na democracia; atores sociais, reforma institucional","Artigo sobre desmilitarização e a reforma das polícias, via PEC-51 "
44,Por uma polícia desmilitarizada e cidadã,"Carlos Alberto de Mello, Agente de Polícia Federal",Artigo,http://www.sindipoldf.org.br/espacoaberto/noticia.php?id=126,Desmilitarização,Modernização,Discussão sobre a inadequação do atual quadro institucional da segurança pública e defesa da PEC 51
45,Razões para defender a aprovação da PEC 51/13 em 2014 ,Centro de Mídia Independente,Artigo,http://prod.midiaindependente.org/pt/blue/2014/03/529781.shtml,Desmilitarização,"Violência policial, corrupção","Lista de links com o mote ""Razões para defender a aprovação da PEC 51"""
46,Manifesto Unificado sobre a PEC 430,Federações Interestaduais dos Policiais Civis Centro-Oeste e Norte / Sudeste/ Sul/ Nordeste,Manifesto,http://www.sinpolce.org.br/index.php/668-manifesto-unificado-sobre-a-pec-430.html,Desmilitarização;Ciclo Completo,Ciclo Completo,"Manifesto contra a PEC 430, que trata do estabelecimento do Ciclo Completo."
47,"A política da meritocracia, da concorrência saudável e da hierarquia aberta",Ivenio Hermes,Artigo,http://www.iveniohermes.com/a-policia-da-meritocracia-da-concorrencia-saudavel-e-da-hierarquia-aberta/,Desmilitarização;Ciclo Completo;Carreira Única,Desmilitazação; Ciclo Completo; Carreira única,Reportagem sobre reestruturação das polícias
48,O fracasso de um modelo violento e ineficaz de polícia,Fernanda Mena,Artigo,http://www1.folha.uol.com.br/ilustrissima/2015/02/1586223-o-fracasso-de-um-modelo-violento-e-ineficaz-de-policia.shtml,Desmilitarização;Descentralização Federativa;Padronização da Formação Policial;Ampliação das Responsabilidades da União,Diagnóstico das polícias; ,"Reportagem bastante abrangente traçando um quadro da segurança pública no país. Contém dados, análise de especialistas e discussão sobre a PEC 51 e todos os seus temas centrais."
49,A raiz dos nossos problemas de segurança,Luiz Eduardo Soares e Ricardo Balestreri,artigo,http://www.luizeduardosoares.com/?p=903,Desmilitarização;Descentralização Federativa;Padronização da formação policial;Ampliação das responsabilidades da União,Arquitetura Institucional,"Artigo de dois ex-secretários nacionais de segurança pública sobre a necessidade de mudar o artigo 144 da Constituição, promovendo a reforma da arquitetura institucional da segurança pública e do modelo policial."
50,Cinco pontos para a desmilitarização das polícias brasileiras,Danillo Ferreira,Artigo,http://abordagempolicial.com/2013/07/5-pontos-para-a-desmilitarizacao-das-policias-brasileiras/,Desmilitarização;Ampliação das responsabilidades da União;Controle da Atividade Policial,Forças Armadas; direitos trabalhistas,Reportagem discute cinco pontos relacionados a desmilitarização.
51,O modelo americano de polícia: Uma comparação com o Brasil,"Eliel Teixeira, Xerife no Departamento de Los Angeles",Artigo,http://www.sindipoldf.org.br/espacoaberto/noticia.php?id=125,Desmilitarização;Carreira Única;Descentralização Federativa;Controle da Atividade Policial,Formação Policial,"Discussão acerca de diversos aspectos das polícias brasileiras em contraste com as polícias norte-americanas. Trata dos temas da PEC e outros temas, como forma de seleção e formação."
52,Comparação do modelo americano de polícia de ciclo completo e desmilitarizada com o modelo do Brasil,Youtube,Vídeo,https://www.youtube.com/watch?v=Hr5sjerC9dw,Desmilitarização;Ciclo Completo;Carreira Única,Investigação; funcionamento das polícias,Vídeo com entrevista do Xerife Eliel Teixeira da cidade de Los Angeles 
53,Entenda a PEC 51,Alça e Massa,Vídeo,https://www.youtube.com/watch?v=0GKCoduIoV8,Desmilitarização;Ciclo Completo;Carreira Única,Apresentação da PEC 51,"Vídeo em que Alça e Massa explicam um pouco sobre a PEC 51, apontando suas principais mudanças e impactos na sociedade, além de apontar a opinião genérica dos policiais nos bastidores da Segurança Pública. "
54,Um pacto pela reforma da segurança pública,"Luiz Eduardo Soares, Claudio Beato, Renato Sérgio de Lima, Rodrigo G. Azevedo e José Luiz Ratton",artigo,http://www.luizeduardosoares.com/?p=1179,Desmilitarização;Ciclo Completo;Carreira Única,Pacto suprapartidário,"Necessidade de um pacto pela reforma das polícias, destacando a importância dos temas que também são objeto da PEC-51"
55,"Por que sou contra a PEC 51, a 'PEC do trem da alegria'",Bruno Fontenele Cabral,Artigo,"http://www.conteudojuridico.com.br/artigo,por-que-sou-contra-a-pec-51-a-pec-do-trem-da-alegria,47730.html",Desmilitarização;Ciclo Completo;Carreira Única,PEC 51,"Opinião de um delegado da Polícia Federal contrário a PEC 51, fazendo análises comparativas com outros modelos de polícia."
56,Novo modelo de polícia,Marcos Rolim,entrevista,http://wp.clicrbs.com.br/opiniaozh/2013/10/06/artigo-novo-modelo-de-policia/,Desmilitarização;Ciclo Completo;Carreira Única;Controle da Atividade Policial,Ciclo completo,Entrevista sobre diversos aspectos da PEC 51
57,Luiz Eduardo Soares: “Acabou o sossego para as elites brancas brasileiras”,Dario de Negreiro,Artigo,http://www.viomundo.com.br/entrevistas/luiz-eduardo-soares-desmilitarizar-a-pm-legado-historico-do-escravagismo-que-matou-9-646-pessoas-em-dez-anos-no-rio.html,Desmilitarização;Ciclo Completo;Carreira Única;Descentralização Federativa;Padronização da formação policial;Ampliação das Responsabilidades da União;Controle da Atividade Policial,UPP; apresentação da PEC 51,Entrevista sobre a PEC-51 e segurança pública no Rio de Janeiro
58,O que penso sobre a reforma das polícias,Ricardo Balestreri,entrevista,http://abordagempolicial.com/2013/11/o-que-penso-sobre-a-reforma-das-policias/,Desmilitarização;Ciclo Completo;Carreira Única;Descentralização Federativa;Padronização da formação policial;Ampliação das Responsabilidades da União;Controle da Atividade Policial,,Propostas de reformas
59,PEC-51: revolução na arquitetura institucional da segurança pública,Luiz Eduardo Soares,artigo,http://www.luizeduardosoares.com/?p=1185,Desmilitarização;Ciclo Completo;Carreira Única;Descentralização Federativa;Padronização da formação policial;Ampliação das Responsabilidades da União;Controle da Atividade Policial,Arquitetura Institucional; Lei de Drogas,Artigo Luiz Eduardo Soares sobre a PEC-51
60,Treinados para rinha de rua,Ciro Barros,Artigo,http://apublica.org/2015/07/treinados-pra-rinha-de-rua/,Desmilitarização;Ciclo Completo;Carreira Única;Descentralização Federativa;Padronização da formação policial;Ampliação das Responsabilidades da União,Formação Policial; ,Discussão a respeito da formação dos Policiais Militares e relatos de abusos. Contém infográficos
61,PEC 51: proposta de mudança radical das polícias,Danillo Ferreira,Artigo,http://abordagempolicial.com/2013/10/pec-51-proposta-radical-de-mudanca-das-policias/,Desmilitarização;Ciclo Completo;Carreira Única;Descentralização Federativa;Padronização da formação policial;Ampliação das Responsabilidades da União;Controle da Atividade Policial,Apresentação da PEC 51,Apresentação da PEC 51.
62,O perigo e a falácia da desmilitarização da polícia,Felipe Moura Brasil,Artigo,http://veja.abril.com.br/blog/felipe-moura-brasil/brasil/o-perigo-e-a-falacia-da-desmilitarizacao-da-policia/,Desmilitarização;Ciclo Completo;Carreira Única;Descentralização Federativa;Padronização da formação policial;Ampliação das Responsabilidades da União;Controle da Atividade Policial,PEC 51,"Matéria do jornalista da Veja, Felipe Moura Brasil, contra a PEC 51."
63,PEC 51: DESMILITARIZAÇÃO OU UM ENGODO?,Sargento Rodrigues,Artigo,http://www.sargentorodrigues.com.br/index.php/destaque-mandato/1210-pec-51-desmilitarizacao-ou-um-engodo,Desmilitarização;Ciclo Completo;Carreira Única;Descentralização Federativa;Padronização da formação policial;Ampliação das Responsabilidades da União;Controle da Atividade Policial,PEC 51,"Artigo do Sargento Rodrigues, Deputado estadual mineiro, com críticas pontuais à PEC 51."
64,Contra fatos não há argumentos! Favor Pec 51! Leia com atenção!,APRA – Associação de Praças do Estado do Paraná,Artigo,http://www.aprapr.org.br/2014/01/08/contra-fatos-nao-ha-argumentos-favor-pec-51/,Desmilitarização;Ciclo Completo;Carreira Única;Descentralização Federativa;Padronização da formação policial;Controle da Atividade Policial,Clipping de textos,Levantamento sobre subsídios para a aprovação da PEC 51
65,Luiz Eduardo Soares em Defesa da PEC-51,Luiz Eduardo Soares,Vídeo,http://www.luizeduardosoares.com/?portfolio=luiz-eduardo-soares-em-defesa-da-pec-51,Desmilitarização;Ciclo Completo;Carreira Única;Descentralização Federativa;Padronização da formação policial;Controle da Atividade Policial,PEC 51,Uma apresentação completa da PEC-51
66,Segurança Pública A polícia que o Brasil precisa,TV Senado,Vídeo,https://www.youtube.com/watch?v=W61rrTG18h0,Desmilitarização;Ciclo Completo;Carreira Única;Descentralização Federativa;Padronização da formação policial;Controle da Atividade Policial;Ampliação das Responsabilidades da União,Discussão da PEC 51,Programa da TV Senado sobre os resultados da Subcomissão Temporária de Segurança Pública. Contém depoimento de especialistas e parlamentares.
67,Arquitetura Institucional da Segurança Pública no Brasil: Três propostas de Reforma Constitucional,Luiz Eduardo Soares,artigo,http://www.luizeduardosoares.com/?p=997,Desmilitarização; Ciclo Completo; Carreira Única; Descentralização Federativa; Padronização da formação policial; Controle da Atividade Policial; Ampliação das responsabilidades da União,Gato orçamentário; segurança privada; municipalização; desconstitucionalização,Três caminhos possíveis para a reforma institucional da segurança pública
68,Coronel da Reserva do Espirito Santo é contra a PEC 51,Júlio Cezar Costa,Entrevista,http://www.acsmce.com.br/coronel-da-reserva-do-espirito-santo-e-contra-a-pec-51/,Desmilitarização;Ciclo Completo;Carreira Única;Descentralização Federativa;Padronização da formação policial; Controle da Atividade Policial; PEC 51,PEC 51,"Um outro olhar sobre a PEC-51. Entrevista onde o coronel reformado da PMES, Júlio Cezar Costa, expõe suas motivações para ser contrário à PEC 51."
69,Diga não ao trem da alegria! Diga não à PEC 51!,ADEPOL AL,Lista de Tópicos,http://www.adepolalagoas.com.br/noticias/2013/11/diga-nao-ao-trem-da-alegria-diga-nao-pec-51.html,Desmilitarização;Ciclo Completo;Carreira Única;Descentralização Federativa;PEC 51,PEC 51,Propaganda da Adepol de Alagoas expondo em tópicos motivos para ser contra a PEC 51.
70,Cresce o debate sobre desmilitarização da PM,Deutsche Welle,Artigo,http://www.cartacapital.com.br/sociedade/excessos-cometidos-por-pms-impulsionam-debate-sobre-desmilitarizacao-da-policia-1256.html,Desmilitarização;Ciclo Completo;Controle da Atividade Policial,PEC 51,Reportagem que sobre pesquisa na qual mais de 70% dos policiais apoiam a desvinculação da Polícia Militar do Exército. A maior da população quer proteção a direitos humanos
71,DEBATE - Desmilitarização Das Polícias Militares,Globonews,Vídeo,https://www.youtube.com/watch?v=Xgw-zbXV1cg,Desmilitarização;Ciclo Completo;Descentralização Federativa,Desmilitarização,"Vídeo que trata das questões ligadas a desmilitarização das polícias.
"
72,Policiais de Santa Catarina defendem PEC-51 que prevê desmilitarização e unificação,Jornal da Tarde,Vídeo,https://www.youtube.com/watch?v=erAXiYkxSaM,Desmilitarização;Ciclo Completo;Descentralização Federativa;Controle da Atividade Policial,Defesa da PEC 51,-Elisandro Lotin (Presidente da Associação de Praças SC) -Juliano Primo Pedrini (Vice do Sindicato dos Policiais Civis SC) -Joel Moraes Ferreira (Presidente Sind Policiais Federais SC)
73,Ministro da Justiça é contra a PEC 51,ADEPOL RJ,Artigo,http://delegados.com.br/juridico/ministro-da-justica-e-contra-a-pec-51,Desmilitarização;Ciclo Completo;Padronização da Formação Policial;ampliação das responsabilidades da união,PEC 51,"Posição de José Eduardo Cardozo, Ministro da Justiça, em relação à PEC-51."
74,Coronel reformado da PMERJ fala contra desmilitarização e a unificação das policias,Paulo Ricardo Paúl,Vídeo,https://www.youtube.com/watch?v=IiOxx0JPyNs,Desmilitarização;Ciclo Completo;PEC 51,PEC 51,"Um outro olhar sobre a PEC 51. Coronel reformado da PMERJ contra a desmilitarização da PMERJ, mas defende o ciclo completo"
75,Leia e entenda a PEC 51 que quer desmilitarizar as PMs,ASOF / DF,Artigo,http://blitzdigital.com.br/index.php/artigos/702-leia-e-entenda-a-pec-51-que-quer-desmilitarizar-as-pm-s,Desmilitarização,PEC 51,PEC 51 anotada pela Associação dos Oficiais da PMDF
76,A Blogfera Policial no Brasil: Do tiro ao Twitter,"Silvia Ramos, Anabela Paiva",Artigo,http://www.rolim.com.br/2009/blogosferapolicialnoBrasil.pdf,Desmilitarização;Controle da Atividade Policial,Desmilitarização; Controle da Atividade Policial,"Coletânea de artigos sobre o Direito a informação e pluralidade de discussões: um impulso
qualitativo nos debates sobre políticas de segurança pública"
77,"Maioria da população diz ter medo da Polícia Militar, aponta Datafolha",Reynaldo Turollo Jr,Artigo,http://www1.folha.uol.com.br/cotidiano/2015/07/1662655-maioria-da-populacao-diz-ter-medo-da-policia-militar-aponta-datafolha.shtml,Desmilitarização;Controle da Atividade Policial,Violência policial; pacto pela redução de homicídios; ,Reportagem sobre Pesquisa realizada pelo Fórum Brasileiro de Segurança Pública. Contém infográficos.
78,Michel Misse: “A polícia brasileira é construída para o combate”,Rafael Ciscati,entrevista,http://epoca.globo.com/tempo/noticia/2014/11/michel-misse-policia-brasileira-e-construida-para-bo-combateb.html,Desmilitarização;Controle da Atividade Policial,Polícia de confronto; UPP,Entrevista com Michel Misse sobre o elevado nível de letalidade policial no país.
79,Policial militar desabafa e denuncia abusos,ISER / SENASP / MJ,Vídeo,https://www.youtube.com/watch?v=iRoDlhy4GNg,Desmilitarização;Controle da Atividade Policial,Abusos sofridos pelos policiais militares,PMERJ
80,"Reforma do sistema de segurança pública deve começar pela polícia, diz especialista",Canal Ceará Vermelho,Vídeo,https://www.youtube.com/watch?v=fGhYLitqfDs,Desmilitarização;Descentralização Federativa,Entrevista,"Renato Sérgio Lima, do Fórum Brasileiro de Segurança Pública, discute o quadro da segurança pública no país e defende que seja feita uma reforma policial."
81,Resistências e dificuldades de um programa de policiamento comunitário,"Jacqueline Muniz, Sean Patrik Larvie, Leonarda Musumeci, Bianca Freire",Artigo,http://www.scielo.br/pdf/ts/v9n1/v09n1a11.pdf,Desmilitarização;Descentralização federativa,Policiamento Comunitário,Descrição e avaliação de dificuldades da implementação de um programa de policiamento comunitário na área do 19º BPM do Rio de Janeiro (Copacabana e Leme) na década de 1990.
82,Desmilitarização da PM - Completo,Programa Melhor e Mais Justo (TVT),Vídeo,https://www.youtube.com/watch?v=cGmYTRlUBL8,Desmilitarização;Padronização da Formação Policial,Debate,Debate sobre a desmilitarização da Polícia Militar
83,CNV propõe ampla reforma da segurança pública,"Marcelo Pellegrini, com Rodrigo Martins",Artigo,http://www.cartacapital.com.br/sociedade/relatorio-da-CNV-propoe-ampla-reforma-da-seguranca-publica-4888.html,Desmilitarização;Padronização da Formação Policial;Controle da Atividade Policial;Ampliação das responsabilidades da União,Autos de Resistência; perícia técnica independente,Reportagem com dados do  relatório final da Comissão Nacional da Verdade (CNV)
84,Coronel Adilson Paes: A desmilitarização da PM já passou da hora,Lúcia Rodrigues,Artigo,http://www.viomundo.com.br/denuncias/coronel-adilson-paes-a-violencia-policial-nao-e-tratada-no-curso-da-pm-e-um-tabu.html,Desmilitarização;Padronização da formação policial;Controle da Atividade Policial;Ampliação das responsabilidades da União,Formação Policial,Reportagem sobre a formação policial e a necessidade da desmilitarização das polícias
85,Mortes Violentas no Brasil: Uma análise do fluxo de informações,Doriam Borges et all,Relatório,http://www.lav.uerj.br/relat2012.html,Padronização da formação policial;Ampliação das Responsabilidades da União,Estatística; análise de política pública,Relatório de pesquisa de Doriam Borges et all (LAV-UERJ) a propósito do fluxo de informações sobre homicídios
86,Tranquila e infalível como Bruce Lee,Luiz Eduardo Soares,artigo,http://www.luizeduardosoares.com/?p=141,Padronização da formação policial;Ampliação das responsabilidades da União,Pedro Abramovay; Articulação Nacional Contra Homicídios,"Artigo sobre a importância de alterar a distribuição de responsabilidades,  ditada pelo artigo 144 da Constituição, entre a União e os entes federados"
87,Análise comparativa das legislações disciplinares das corporações de Segurança Pública: uma proposta de matriz de lei disciplinar para o Brasil,Ignacio Cano e Thais Duarte,Artigo,http://www.soudapaz.org/upload/pdf/pensando_a_seguran_a_vol2.pdf,Padronização da Formação Policial;Desmilitarização;Controle da Atividade Policial;Ampliação das responsabilidades da União,"Polícia. Códigos Disciplinares. Código de Ética. Direitos Humanos. Controle
Interno.",Resgate dos regimentos disciplinares das instituições de Segurança Pública brasileiras
88,Delegados e agentes se posicionam contra PEC 51,BlitzDigital,Notícia,http://blitzdigital.com.br/index.php/menunot-policia/756-delegados-e-agentes-se-posicionam-contra-pec-51,PEC 51,PEC 51,Notícia de que o sindicato dos agentes da PCDF se posicionou contrariamente à PEC 51.